{
	"credit": "synicalmx",
	"textures": {
		"0": "item/workmc/menu/wallet_menu"
	},
	"elements": [
		{
			"from": [-16, -16, 7],
			"to": [32, 32, 7],
			"rotation": {"angle": 0, "axis": "y", "origin": [8, 28, 7]},
			"faces": {
				"north": {"uv": [0, 0, 11, 7.8125], "texture": "#0"},
				"east": {"uv": [0, 0, 0, 16], "texture": "#missing"},
				"south": {"uv": [0, 0, 11, 7.8125], "texture": "#0"},
				"west": {"uv": [0, 0, 0, 16], "texture": "#missing"},
				"up": {"uv": [0, 0, 16, 0], "texture": "#missing"},
				"down": {"uv": [0, 0, 16, 0], "texture": "#missing"}
			}
		}
	],
	"gui_light": "front",
	"display": {
		"gui": {
			"translation": [0, 18.5, 80],
			"scale": [3.67, 2.67, 4]
		}
	}
}