{
	"parent": "item/generated",
	"textures": {
		"layer0": "item/green_dye"
	},
	"overrides": [
		{
			"predicate": {
				"custom_model_data": 877010
			},
			"model": "item/workmc/branch"
		},
		{
			"predicate": {
				"custom_model_data": 877011
			},
			"model": "item/workmc/empty_bag"
		},
		{
			"predicate": {
				"custom_model_data": 877012
			},
			"model": "item/workmc/gram_half"
		},
		{
			"predicate": {
				"custom_model_data": 877013
			},
			"model": "item/workmc/gram_1"
		},
		{
			"predicate": {
				"custom_model_data": 877014
			},
			"model": "item/workmc/gram_3"
		},
		{
			"predicate": {
				"custom_model_data": 877015
			},
			"model": "item/workmc/gram_5"
		},
		{
			"predicate": {
				"custom_model_data": 877016
			},
			"model": "item/workmc/gram_10"
		},
		{
			"predicate": {
				"custom_model_data": 877017
			},
			"model": "item/workmc/brick_100"
		},
		{
			"predicate": {
				"custom_model_data": 877018
			},
			"model": "item/workmc/packaged_100"
		}
	]
}
