{
	"parent": "item/generated",
	"textures": {
		"layer0": "item/lime_dye"
	},
	"overrides": [
		{
			"predicate": {
				"custom_model_data": 877020
			},
			"model": "item/workmc/wallet"
		},
		{
			"predicate": {
				"custom_model_data": 877021
			},
			"model": "item/workmc/wallet_money"
		},
		{
			"predicate": {
				"custom_model_data": 877801
			},
			"model": "item/workmc/money_1"
		},
		{
		
			"predicate": {
				"custom_model_data": 877805
			},
			"model": "item/workmc/money_5"
		},
		{
		
			"predicate": {
				"custom_model_data": 877810
			},
			"model": "item/workmc/money_10"
		},
		{
		
			"predicate": {
				"custom_model_data": 877820
			},
			"model": "item/workmc/money_20"
		},
		{
		
			"predicate": {
				"custom_model_data": 877850
			},
			"model": "item/workmc/money_50"
		},
		{
			"predicate": {
				"custom_model_data": 877900
			},
			"model": "item/workmc/money_100"
		}
	]
}
